Model,MAE,R2
Physicochemical (Ridge),0.8297114289870828,-4.058465708376602
ESM (Ridge),0.3802592372683365,-0.2294624850537219
Hybrid (Ridge),0.3950706854408661,-0.3190028362675632
