Model,RMSE,R2
RandomForestRegressor,1.2810922105529834,-0.007879849151466
GradientBoostingRegressor,1.2958210146269609,-0.031188399331372407
