Features_Removed,MAE,R2
5,0.4033571717590747,-0.3629825566435694
10,0.4088370008508302,-0.3859280701543628
20,0.4129070374615211,-0.4272461616670542
50,0.4140799658149603,-0.4256635128715729
