Comparison,CV_Strategy,n_folds,Phys_MAE_mean,Phys_MAE_std,ESM_MAE_mean,ESM_MAE_std,Hybrid_MAE_mean,Hybrid_MAE_std,t_stat,p_value
Hybrid vs Physicochemical,Protein-stratified,2,0.5376052623433909,0.005514524823144018,0.43650450832039256,0.029950258728480783,0.43780667613019975,0.03081040085162609,-3.9452512378231983,0.15803525322042392
Hybrid vs ESM,Protein-stratified,2,0.5376052623433909,0.005514524823144018,0.43650450832039256,0.029950258728480783,0.43780667613019975,0.03081040085162609,1.5138984300007745,0.371628986028866
